[
    {
        "name": "서울 강남구 (대한민국 표준)",
        "code": "11680"
    },
    {
        "name": "서울 서초구 (반포/방배)",
        "code": "11650"
    },
    {
        "name": "서울 용산구 (한남/이태원)",
        "code": "11170"
    },
    {
        "name": "서울 성동구 (성수 힙플레이스)",
        "code": "11200"
    },
    {
        "name": "서울 마포구 (홍대/연남 트렌드)",
        "code": "11440"
    },
    {
        "name": "서울 영등포구 (여의도 금융)",
        "code": "11560"
    },
    {
        "name": "경기 성남시 분당구 (판교 테크)",
        "code": "41135"
    },
    {
        "name": "경기 화성시 (동탄 반도체)",
        "code": "41590"
    }
]